{"cameraMode":{"drawMode":0,"name":"Shaded","section":"Shading Mode"},"sceneLighting":false,"audioPlay":false,"sceneViewState":{"m_AlwaysRefresh":false,"showFog":true,"showSkybox":false,"showFlares":true,"showImageEffects":true,"showParticleSystems":true,"showVisualEffectGraphs":true,"m_FxEnabled":true},"in2DMode":false,"pivot":{"x":603.177001953125,"y":254.5360107421875,"z":-231.99282836914063},"rotation":{"x":0.01018946710973978,"y":-0.0008924884023144841,"z":-0.000005515578322956571,"w":-1.0000077486038209},"size":153.0752410888672,"orthographic":false}