{"cameraMode":{"drawMode":0,"name":"Shaded","section":"Shading Mode"},"sceneLighting":false,"audioPlay":false,"sceneViewState":{"m_AlwaysRefresh":false,"showFog":true,"showSkybox":false,"showFlares":true,"showImageEffects":true,"showParticleSystems":true,"showVisualEffectGraphs":true,"m_FxEnabled":true},"in2DMode":false,"pivot":{"x":491.8471374511719,"y":-89.34848022460938,"z":924.6421508789063},"rotation":{"x":0.11851581186056137,"y":0.018154606223106386,"z":-0.0023312007542699577,"w":0.992830753326416},"size":626.7059936523438,"orthographic":false}