{"cameraMode":{"drawMode":0,"name":"Shaded","section":"Shading Mode"},"sceneLighting":false,"audioPlay":false,"sceneViewState":{"m_AlwaysRefresh":false,"showFog":true,"showSkybox":false,"showFlares":true,"showImageEffects":true,"showParticleSystems":true,"showVisualEffectGraphs":true,"m_FxEnabled":true},"in2DMode":false,"pivot":{"x":-0.33080384135246279,"y":1.0618956089019776,"z":0.06875458359718323},"rotation":{"x":0.08080360293388367,"y":-0.622704267501831,"z":0.06487424671649933,"w":0.7755709886550903},"size":1.0931262969970704,"orthographic":false}