{"cameraMode":{"drawMode":0,"name":"Shaded","section":"Shading Mode"},"sceneLighting":false,"audioPlay":false,"sceneViewState":{"m_AlwaysRefresh":false,"showFog":true,"showSkybox":false,"showFlares":true,"showImageEffects":true,"showParticleSystems":true,"showVisualEffectGraphs":true,"m_FxEnabled":true},"in2DMode":false,"pivot":{"x":-0.5250005722045898,"y":2.4800000190734865,"z":-0.5149993896484375},"rotation":{"x":-0.19572000205516816,"y":0.16301368176937104,"z":-0.03301740810275078,"w":-0.9664672613143921},"size":8.839132308959961,"orthographic":false}